[
  {
    "options": [
      "Tuberculosis",
      "Breast cancer",
      "Hepatitis",
      "Cirrhosis"
    ],
    "question": "Greta Garbo was successfully treated for this disease.",
    "answer": "Breast cancer"
  },
  {
    "options": [
      "Go",
      "Check It",
      "OXO",
      "Tennis For Two"
    ],
    "question": "In 1952, A.S. Douglas developed the first graphical game to run on a computer.  It ran on the EDSAC.  What was the name of this game?",
    "answer": "OXO"
  },
  {
    "options": [
      "Nutting Associates",
      "Nintendo",
      "Sega",
      "Atari"
    ],
    "question": "Nolan Bushnell is considered to be the father of the video arcade industry. In 1972 he founded his own game company and together with Ted Dabney and Al Alcorn released the first arcade video game with major success- Pong. What was the name of his company?",
    "answer": "Atari"
  },
  {
    "options": [
      "False",
      "True"
    ],
    "question": "Pong was first installed at a high school.",
    "answer": "False"
  },
  {
    "options": [
      "Cross",
      "Tic Tac Toe",
      "Tetris",
      "Microvision"
    ],
    "question": "In 1972 a company named Waco released the first handheld electronic game. What was its name?",
    "answer": "Tic Tac Toe"
  },
  {
    "options": [
      "An alien",
      "An anti-aircraft gun",
      "A movable laser cannon",
      "A cowboy"
    ],
    "question": "In 1978 Taito released one of the most influential arcade video games. It was called Space Invaders and marked the beginning of the Golden Age of arcade games. What was the thing that the player controlled in Space Invaders?",
    "answer": "A movable laser cannon"
  },
  {
    "options": [
      "False",
      "True"
    ],
    "question": "Mario, probably the best-known video game character, first appeared in Donkey Kong in 1981.  His brother Luigi first appeared in Mario Bros.",
    "answer": "True"
  },
  {
    "options": [
      "1953",
      "1985",
      "1983",
      "1889"
    ],
    "question": "Nintendo is undoubtedly one of the most successful and best known console manufacturers. Nintendo has created several TV consoles and many handheld portables, such as the Game Boy and the Game  Watch. When was the company originally founded?",
    "answer": "1889"
  },
  {
    "options": [
      "Frames Per Second",
      "File Protocol System",
      "Firing Per Second",
      "First Person Shooter"
    ],
    "question": "With the introduction of cheap and relatively powerful processors such as Intel 386, Intel 486 and Motorola 68000 3D-graphics became fashionable. It was used in FPS games like the legendary Wolfenstein 3D and Doom. Do you know what FPS stands for in this context?",
    "answer": "First Person Shooter"
  },
  {
    "options": [
      "False",
      "True"
    ],
    "question": "Sonic the Hedgehog is a mascot of Sony Playstation.",
    "answer": "False"
  },
  {
    "options": [
      "Microsoft",
      "Valve",
      "id Software",
      "Blizzard"
    ],
    "question": "When in 1996 3dfx released the Voodoo chipset, it made high-resolution and more-detailed 3D games possible. One of the first games to take advantage of this was Quake. Do you know which company released this marvelous game?",
    "answer": "id Software"
  },
  {
    "options": [
      "Teenage Mutant Ninja Turtles",
      "Pre-teen Dirty Jean Kung-fu Kangaroos",
      "Adolescent Radioactive Blackbelt Hamsters",
      "Miami Mice"
    ],
    "question": "These fictional superheroes were born, when a container of radioactive waste bounced off a truck and struck a young boy, turning him into Daredevil.",
    "answer": "Teenage Mutant Ninja Turtles"
  },
  {
    "options": [
      "Mr. Fantastic",
      "Ant Man",
      "Iron Man",
      "The Hulk"
    ],
    "question": "This superhero, who first appeared in the comic book Tales of Suspense, used his own invention to keep his heart pumping.",
    "answer": "Iron Man"
  },
  {
    "options": [
      "Superman",
      "Spiderman",
      "The Thing",
      "Green Arrow"
    ],
    "question": "This Marvel Comics superhero, whose birth name was Peter Benjamin Parker, first used his new found superpowers as a professional wrestler.",
    "answer": "Spiderman"
  },
  {
    "options": [
      "The Tick",
      "Thor",
      "The Shadow",
      "Darkman"
    ],
    "question": "This comedic superhero, created by Ben Edlund, met an accountant named Arthur, after taking a long bus ride into The City.",
    "answer": "The Tick"
  },
  {
    "options": [
      "The Fantastic Four",
      "The X-Men",
      "Power Pack",
      "The Avengers"
    ],
    "question": "These comic book superheroes were trained in Professor Xaviers School for Gifted Youngsters.",
    "answer": "The X-Men"
  },
  {
    "options": [
      "The Crow",
      "The Punisher",
      "Judge Dredd",
      "The Scourge"
    ],
    "question": "Which Marvel Comics character became a ruthless vigilante, after witnessing his familys violent murder?",
    "answer": "The Punisher"
  },
  {
    "options": [
      "V (For Vendetta)",
      "Batman",
      "The Hulk",
      "Spawn"
    ],
    "question": "This DC Comics superhero, whose true identity is Bruce Wayne, decided to train himself to the peak of physical perfection after witnessing the murder of his parents.",
    "answer": "Batman"
  },
  {
    "options": [
      "Beast Boy",
      "Cyborg",
      "Raven",
      "Nightwing"
    ],
    "question": "Which fictional member ot the Teen Titans started out as Batmans sidekick?",
    "answer": "Nightwing"
  },
  {
    "options": [
      "They are both reporters by day",
      "They both grew up on a farm.",
      "They both escaped from the phantom zone.",
      "They are both aliens."
    ],
    "question": "Fellow Justice League members Superman and Martian Manhunter have something in common. What is it?",
    "answer": "They are both aliens."
  },
  {
    "options": [
      "Batman",
      "Captain America",
      "Captain Commando",
      "Thor"
    ],
    "question": "Which of the following fictional heroes is a World War II veteran?",
    "answer": "Captain America"
  },
  {
    "options": [
      "Remy LeBeau",
      "Bobby LeBeau",
      "Scott Summers",
      "Alex Summers"
    ],
    "question": "What is the real name of Gambit who first appeared in the comic book The Uncanny X-Men?",
    "answer": "Remy LeBeau"
  },
  {
    "options": [
      "Cyclops",
      "Mister Sinister",
      "Havoc",
      "Cable"
    ],
    "question": "Which of these X-Men characters is not a member of the Summers family line?",
    "answer": "Mister Sinister"
  },
  {
    "options": [
      "Death",
      "Famine",
      "Pestilence",
      "War"
    ],
    "question": "Archangel, a mutant and a member of the X-Men, was which horseman of Apocalypse?",
    "answer": "Death"
  },
  {
    "options": [
      "Juggarnaut",
      "Sabretooth",
      "Magneto",
      "Lady Deathstrike"
    ],
    "question": "Which antagonist of the X-Men is responsible for the death of Wolverine in the comic books?",
    "answer": "Magneto"
  },
  {
    "options": [
      "Charles Xavier",
      "Gambit",
      "Juggernaut",
      "Storm"
    ],
    "question": "Which of these X-men characters is not a mutant?",
    "answer": "Juggernaut"
  },
  {
    "options": [
      "Storm",
      "Polaris",
      "Jean Grey",
      "Jubilee"
    ],
    "question": "In the Age of Apocalypse timeline, Wolverine, a member of the X-Men, is married to which female?",
    "answer": "Storm"
  },
  {
    "options": [
      "Magneto",
      "Apocalypse",
      "Charles Xavier",
      "Cyclops"
    ],
    "question": "Who is the head of the X-Men in the Age of Apocalypse timeline?",
    "answer": "Magneto"
  },
  {
    "options": [
      "Germany",
      "Russia",
      "The United States",
      "Japan"
    ],
    "question": "Omega Red, a foe of the X-Men, serves which country?",
    "answer": "Russia"
  },
  {
    "options": [
      "Victor Creed",
      "James Howlett",
      "Mikhail Rasputin",
      "Logan"
    ],
    "question": "What is the real name of X-Men member Wolverine?",
    "answer": "James Howlett"
  },
  {
    "options": [
      "Emma Frost",
      "Jean Grey",
      "Calypso",
      "Phoenix"
    ],
    "question": "This member of the Hellfire Clubs inner circle, known as the White Queen, once fought against the X-Men.",
    "answer": "Emma Frost"
  },
  {
    "options": [
      "July 6, 1920",
      "July 4, 1919",
      "September 5, 1925",
      "September 7, 1921"
    ],
    "question": "When was the Miss America pageant first held?",
    "answer": "September 7, 1921"
  },
  {
    "options": [
      "Blowing bubbles through a straw",
      "Self-defense",
      "Gymnastic moves",
      "Packing a suitcase"
    ],
    "question": "The most common talents performed are singing and dancing, but there have been a variety of other odd talents as well.  Which talent was performed at a Miss America pageant?",
    "answer": "Packing a suitcase"
  },
  {
    "options": [
      "Marion Bergeron",
      "Norma Smallwood",
      "Bess Myerson",
      "Marilyn Buferd"
    ],
    "question": "Who was the first Jewish Miss America?",
    "answer": "Bess Myerson"
  },
  {
    "options": [
      "True",
      "False"
    ],
    "question": "Miss America always goes on to compete in the Miss Universe pageant.",
    "answer": "False"
  },
  {
    "options": [
      "2",
      "6",
      "4",
      "0"
    ],
    "question": "As of the beginning of the new millenium, how many Miss America title holders were from New Jersey, the state that held the competitions?",
    "answer": "2"
  },
  {
    "options": [
      "Rebecca Ann King",
      "Phyllis Ann George",
      "Cheryl Prewitt",
      "Heather Whitestone"
    ],
    "question": "Who was the first deaf Miss America?",
    "answer": "Heather Whitestone"
  },
  {
    "options": [
      "NBC",
      "CBS",
      "CMT",
      "USA"
    ],
    "question": "Until 2004 ABC aired the Miss America pageant , it then switched to what station?",
    "answer": "CMT"
  },
  {
    "options": [
      "1948",
      "1952",
      "1954",
      "1950"
    ],
    "question": "In what year did Snoopy first make his first appearance in a comic strip?",
    "answer": "1950"
  },
  {
    "options": [
      "Sneaky",
      "Snookums",
      "Sniffy",
      "Sneakers"
    ],
    "question": "What name was Charles Schulz originally going to give to Charlie Browns dog Snoopy?",
    "answer": "Sniffy"
  },
  {
    "options": [
      "Pitcher",
      "Catcher",
      "First base",
      "Short Stop"
    ],
    "question": "What position did cartoon character Snoopy play in Charlie Browns Little League baseball team?",
    "answer": "Short Stop"
  },
  {
    "options": [
      "1953",
      "1958",
      "1956",
      "1954"
    ],
    "question": "In what year did comic strip character Snoopy first appear sleeping on top of his doghouse?",
    "answer": "1958"
  },
  {
    "options": [
      "1960",
      "1962",
      "1958",
      "1956"
    ],
    "question": "In what year did comic strip character Snoopy first walk upright?",
    "answer": "1956"
  },
  {
    "options": [
      "Megafobia- Oakwood Leisure Park",
      "Superman - Ride of Steel- Six Flags Darien Lake",
      "Avalanche- Holiday World",
      "Dania Beach Hurricane- Boomers"
    ],
    "question": "Which one of these pairs roller coaster- theme park is wrong?",
    "answer": "Avalanche- Holiday World"
  },
  {
    "options": [
      "True",
      "False"
    ],
    "question": "Top Thrill Dragster was opened in 2003 and it was the tallest and fastest roller coaster in the world until 2005 (this is true). It was the first roller coaster to break the 300 ft (91.4 m) barrier.",
    "answer": "False"
  },
  {
    "options": [
      "Kraken- 2000",
      "Megafobia- 1996",
      "Nitro- 2000",
      "Ozark Wildcat- 2003"
    ],
    "question": "Which one of these pairs roller coaster- year of opening is wrong?",
    "answer": "Nitro- 2000"
  },
  {
    "options": [
      "10th",
      "8th",
      "12th",
      "9th"
    ],
    "question": "October 2006 saw the release of which Mortal Kombat game?",
    "answer": "12th"
  },
  {
    "options": [
      "Shang Tsung",
      "Goro",
      "Shao Kahn",
      "Kung Lao"
    ],
    "question": "In the Mortal Kombat storyline, Liu Kang was brutally murdered by which character?",
    "answer": "Shang Tsung"
  },
  {
    "options": [
      "He can fly.",
      "He is a mute.",
      "He is blind.",
      "He is deaf."
    ],
    "question": "What feature makes Kenshi different from all other Mortal Kombat characters?",
    "answer": "He is blind."
  },
  {
    "options": [
      "Going Camping",
      "Going Sightseeing",
      "Going to the Beach",
      "Going Hiking"
    ],
    "question": "How does Calvins dad like to spend his vacation in the comic strip Calvin and Hobbes",
    "answer": "Going Camping"
  },
  {
    "options": [
      "False",
      "True"
    ],
    "question": "In the cartoon Calvin and Hobbes, Calvin enjoys the dinners that his mom makes.",
    "answer": "False"
  },
  {
    "options": [
      "True",
      "False"
    ],
    "question": "Cartoon character Calvin hates taking baths.",
    "answer": "True"
  },
  {
    "options": [
      "Play Baseball",
      "None of these",
      "Play Hide-and-Seek",
      "Play Tag"
    ],
    "question": "What does comic strip character Calvin like to do during recess?",
    "answer": "None of these"
  },
  {
    "options": [
      "The Authoritative Calvin and Hobbes",
      "The Indispensable Calvin and Hobbes",
      "The Conclusive Calvin and Hobbes",
      "The Essential Calvin and Hobbes"
    ],
    "question": "Which of these is NOT the name of one of the Calvin and Hobbes books?",
    "answer": "The Conclusive Calvin and Hobbes"
  },
  {
    "options": [
      "Hamster",
      "Kablooie",
      "Huey",
      "Louis"
    ],
    "question": "Which of the following words is not part of the title of Calvins favorite book in the Calvin and Hobbes comic strip?",
    "answer": "Louis"
  },
  {
    "options": [
      "U.S Air",
      "Delta",
      "Southwest",
      "Jetblue"
    ],
    "question": "SeaWorld has an official airline and one of its Boeing 737 jetliners is painted to look like a flying Killer Whale. Name this airline.",
    "answer": "Southwest"
  },
  {
    "options": [
      "True",
      "False"
    ],
    "question": "There is more than one Killer Whale named Shamu in the SeaWorld parks in the U.S.",
    "answer": "True"
  },
  {
    "options": [
      "1965",
      "1973",
      "1968",
      "1970"
    ],
    "question": "In what year did SeaWorld Orlando open?",
    "answer": "1973"
  },
  {
    "options": [
      "Beluga Whale",
      "Polar Bear",
      "Walrus",
      "Penguin"
    ],
    "question": "Which of these creatures is not featured in the exhibit of the world famous SeaWorld attraction Wild Arctic?",
    "answer": "Penguin"
  },
  {
    "options": [
      "Sharktastic!",
      "Mission: Shark",
      "Shark Adventure",
      "Shark Encounter"
    ],
    "question": "What SeaWorld attraction allows you to walk through a tube in which sharks swim all around you?",
    "answer": "Shark Encounter"
  },
  {
    "options": [
      "The Lost City of Atlantis",
      "Atlantis the Lost Continent",
      "Journey to Atlantis",
      "Atlantis: The Lost World"
    ],
    "question": "What is the name of the SeaWorld Orlando amusement ride that is a combination of a water ride and a roller coaster?",
    "answer": "Journey to Atlantis"
  },
  {
    "options": [
      "Magic Kingdom, Epcot, Animal Kingdom, Disney Hollywood Studios",
      "Universal Studies, Animal Safari,  Epcot",
      "Cedar Point, Holiday World, Magic Kingdom, Wilderness Park",
      "Walt Disney World, Sea World, Busch Gardens, Circus World"
    ],
    "question": "What are the names of the four theme parks that make up Disney World?",
    "answer": "Magic Kingdom, Epcot, Animal Kingdom, Disney Hollywood Studios"
  },
  {
    "options": [
      "25,000",
      "12,500",
      "11,950",
      "27,400"
    ],
    "question": "How many acres did Walt Disney purchase for Disney World to be built on?",
    "answer": "27,400"
  },
  {
    "options": [
      "Cinderellas Castle",
      "Cinderellas Stagecoach",
      "Spaceship Earth",
      "The Tree of Life"
    ],
    "question": "What is the main icon of the Magic Kingdom park?",
    "answer": "Cinderellas Castle"
  },
  {
    "options": [
      "Disney Friends",
      "Directors",
      "Mickey Mouse Helpers",
      "Cast Members"
    ],
    "question": "What is the title, given to employees at Disney World?",
    "answer": "Cast Members"
  },
  {
    "options": [
      "There is a tree farm on the Disney property, so that when a tree in one of the parks dies, it can be replaced by another mature tree.",
      "All of the above.",
      "The streets of Disney are steam cleaned every night after the parks close.",
      "Gold leaf paint is used to paint the carousel horses."
    ],
    "question": "Which of the following statements is a true fact about Disney World?",
    "answer": "All of the above."
  },
  {
    "options": [
      "35",
      "32",
      "17",
      "24"
    ],
    "question": "How many resorts are there on the Disney World property?",
    "answer": "32"
  },
  {
    "options": [
      "Morocco",
      "Mexico",
      "France",
      "Spain"
    ],
    "question": "World Showcase is a part of Epcot that highlights different countries and cultures.  Which of the following countries is not in the Showcase?",
    "answer": "Spain"
  },
  {
    "options": [
      "Tales From the Crypt",
      "The Alfred Hitchcock Show",
      "Goosebumps",
      "The Twilight Zone"
    ],
    "question": "The Twilight Tower of Terror is a free fall thrill ride located in Hollywood Studios.  It is based on a television show from the 1950s.  What was the name of that show?",
    "answer": "The Twilight Zone"
  },
  {
    "options": [
      "The Tree of Life",
      "Habitat Habit",
      "Silverback Gorillas",
      "Dinosaur Ride"
    ],
    "question": "What is the main icon of the Animal Kingdom park?",
    "answer": "The Tree of Life"
  },
  {
    "options": [
      "Epcot",
      "Magic Kingdom",
      "Animal Kingdom",
      "Hollywood Studios"
    ],
    "question": "Which of the four parks is the largest single Disney theme park in the world?",
    "answer": "Animal Kingdom"
  },
  {
    "options": [
      "Electrical",
      "Chemical",
      "Civil",
      "Mechanical"
    ],
    "question": "Dilbert from the self-titled comic strip is an engineer who graduated from MIT. What type of engineering degree does Dilbert have?",
    "answer": "Electrical"
  },
  {
    "options": [
      "Ratbert",
      "Dogbert",
      "Catbert",
      "Bob the Dinosaur"
    ],
    "question": "Which of the following is not one of the characters that live in Dilberts house in the comic strip Dilbert?",
    "answer": "Catbert"
  },
  {
    "options": [
      "synergy",
      "splendsmartful",
      "Induhvidual",
      "frooglepoopillion"
    ],
    "question": "Which of the following is not a word/term created by Scott Adams for the comic strip Dilbert?",
    "answer": "synergy"
  },
  {
    "options": [
      "False",
      "True"
    ],
    "question": "In the comic strip Dilbert, the real name of Dilberts pointed-haired boss is Phil.",
    "answer": "False"
  },
  {
    "options": [
      "Ted, the Generic guy",
      "Phil, Prince of Insufficient Light",
      "Yuri, the Elbonian",
      "Techno Bill"
    ],
    "question": "Who is the brother of the pointed-haired boss in the comic strip Dilbert?",
    "answer": "Phil, Prince of Insufficient Light"
  },
  {
    "options": [
      "Asok",
      "Wally",
      "Carol",
      "Alice"
    ],
    "question": "What is the name of Dilberts coworker in the comic strip Dilbert, who believes he has psychic powers?",
    "answer": "Asok"
  },
  {
    "options": [
      "Tina",
      "Alice",
      "Carol",
      "Liz"
    ],
    "question": "What is the name of Dilberts sometimes girlfriend in the comic strip Dilbert?",
    "answer": "Liz"
  },
  {
    "options": [
      "John Cena",
      "Triple H",
      "Edge",
      "Randy Orton"
    ],
    "question": "Which wrestler is famous for using a move called the Pedigree?",
    "answer": "Triple H"
  },
  {
    "options": [
      "False",
      "True"
    ],
    "question": "Dave Animal Batistas famous ending move is called the Batista Drop.",
    "answer": "False"
  },
  {
    "options": [
      "The Undertaker",
      "Jeff Hardy",
      "John Cena",
      "Edge"
    ],
    "question": "The FU is the signature move of this wrestler, who also performs a pre-ending move called U Cant See Me.",
    "answer": "John Cena"
  },
  {
    "options": [
      "Sweet Chin Music",
      "Swing Chin Music",
      "Warming up the Band",
      "Sweet Cheyenne Music"
    ],
    "question": "Which finishing move is most notably performed by Shawn Michaels?",
    "answer": "Sweet Chin Music"
  },
  {
    "options": [
      "the Spoke",
      "the Poke",
      "the Spear",
      "the Spike"
    ],
    "question": "What is the signature finishing move performed by EDGE of SmackDown?",
    "answer": "the Spear"
  },
  {
    "options": [
      "Chris Jericho",
      "Matt Hardy",
      "Jeff Hardy",
      "CM Punk"
    ],
    "question": "Which WWE champion has two signature moves called the Swanton Bomb and the Twist of Fate?",
    "answer": "Jeff Hardy"
  },
  {
    "options": [
      "Panther",
      "the Legend Killer",
      "RKO",
      "TKO"
    ],
    "question": "What is the ending move used by former champion Randy Orton called?",
    "answer": "RKO"
  },
  {
    "options": [
      "Graveyard Smash",
      "Death Wish",
      "Tombstone Pile Driver",
      "Casket Drop"
    ],
    "question": "What is The Undertakers signature finishing move?",
    "answer": "Tombstone Pile Driver"
  },
  {
    "options": [
      "Chris Jericho",
      "Randy Orton",
      "CM Punk",
      "Santino Morales"
    ],
    "question": "Which former WWE champion uses a move called Codebreakerr?",
    "answer": "Chris Jericho"
  },
  {
    "options": [
      "Rock All Night",
      "Cult of Your Personality",
      "Rage Against the Machine",
      "The Devil Went Down to Georgia"
    ],
    "question": "In the music video game Guitar Hero 3, what is the encore song you play in the first set of songs?",
    "answer": "Rock All Night"
  },
  {
    "options": [
      "False",
      "True"
    ],
    "question": "There are five unlockable characters in the music video game Guitar Hero 3.",
    "answer": "True"
  },
  {
    "options": [
      "32",
      "16",
      "27",
      "30"
    ],
    "question": "How many songs excluding the encores are there in Guitar Hero 3?",
    "answer": "32"
  },
  {
    "options": [
      "AFI",
      "Dragonforce",
      "Korn",
      "Guns N Roses"
    ],
    "question": "Slash, a character in the Guitar Hero 3 music video game, is also a real life musician that became popular with which of these bands?",
    "answer": "Guns N Roses"
  },
  {
    "options": [
      "False",
      "True"
    ],
    "question": "Music video game Guitar Hero 3 is rated T for teen.",
    "answer": "True"
  },
  {
    "options": [
      "_______________, if you know what I mean",
      "_______________, she taught me everything",
      "This lady she asked me, if I would be her man",
      "You know that I told her, Id do what I can",
      "To keep her looking pretty",
      "Buy her dresses that shine",
      "Mississippi queen",
      "Gorgeous lady",
      "Dance queen",
      "Pretty woman"
    ],
    "question": "Choose the missing words in the following lyrics to get the name of a song from Guitar Hero 3:",
    "answer": "Mississippi queen"
  },
  {
    "options": [
      "True",
      "False"
    ],
    "question": "In Guitar Hero 3, “Bulls on Parade by Rage Against the Machine is the third encore song.",
    "answer": "False"
  },
  {
    "options": [
      "Lou",
      "Slash",
      "Billy",
      "Bob"
    ],
    "question": "Who is the last boss in the music video game Guitar Hero 3?",
    "answer": "Lou"
  },
  {
    "options": [
      "1968",
      "1965",
      "1973",
      "1970"
    ],
    "question": "In what year was the debut of the comic strip Hagar the Horrible?",
    "answer": "1973"
  },
  {
    "options": [
      "False",
      "True"
    ],
    "question": "Hagar the Horrible from the comic strip of the same name had his own short lived line of beer called Hagars Viking Beer which was pulled off the shelves due to lack of sales.",
    "answer": "False"
  },
  {
    "options": [
      "1,900",
      "2,400",
      "3,000",
      "800"
    ],
    "question": "Shortly after its creation the Hagar the Horrible comic strips distributed to how many newspapers worldwide?",
    "answer": "1,900"
  },
  {
    "options": [
      "32",
      "58",
      "120",
      "84"
    ],
    "question": "In how many countries were the Hagar the Horrible comic strips strip distributed?",
    "answer": "58"
  },
  {
    "options": [
      "9",
      "13",
      "24",
      "20"
    ],
    "question": "How many languages were the Hagar the Horrible comics printed in worldwide?",
    "answer": "13"
  },
  {
    "options": [
      "Beta",
      "Gamma",
      "Delta",
      "Alpha"
    ],
    "question": "What kind of radiation was Dr. Banner exposed to that causes him to turn into the Hulk?",
    "answer": "Gamma"
  },
  {
    "options": [
      "1965",
      "1960",
      "1971",
      "1962"
    ],
    "question": "In what year did The Incredible Hulk debut?",
    "answer": "1962"
  },
  {
    "options": [
      "1982",
      "1975",
      "1978",
      "1980"
    ],
    "question": "What year saw the debut of The Incredible Hulk TV series?",
    "answer": "1978"
  },
  {
    "options": [
      "Spider-man",
      "Thor",
      "Captain America",
      "Daredevil"
    ],
    "question": "In the 1989 TV movie The Trial of he Incredible Hulk, the Hulk co-stars with what fellow superhero?",
    "answer": "Daredevil"
  },
  {
    "options": [
      "Steven Crane and Walt Ambroli",
      "Paul Norris and Mort Weisinger",
      "John Hopkins and Mort Weisinger",
      "Paul Norris and Steven Crane"
    ],
    "question": "Who were the creators of comics superhero Aquaman?",
    "answer": "Paul Norris and Mort Weisinger"
  },
  {
    "options": [
      "More Fun Comics",
      "Marvel Comics",
      "DComics",
      "Action Comics"
    ],
    "question": "What famous comic book company published Aquaman Comics?",
    "answer": "DC Comics"
  },
  {
    "options": [
      "False",
      "True"
    ],
    "question": "Aquamans enemy the Ocean Master was his own father.",
    "answer": "False"
  },
  {
    "options": [
      "No",
      "Yes"
    ],
    "question": "Did comics character Aquaman ever have a child?",
    "answer": "Yes"
  },
  {
    "options": [
      "Mera",
      "Sea Queen",
      "Aquatica",
      "Madeline"
    ],
    "question": "What was the name of Aquamans girlfriend and eventual wife?",
    "answer": "Mera"
  },
  {
    "options": [
      "Communicating with all forms of sea life.",
      "Breathing under water",
      "Having complete control over water",
      "Super High Speed Swimming"
    ],
    "question": "Which of these was not one of Aquamans amazing powers?",
    "answer": "Having complete control over water"
  },
  {
    "options": [
      "Forever",
      "One Hour",
      "Half an Hour",
      "2 Hours"
    ],
    "question": "How long could Aquaman survive out of water?",
    "answer": "One Hour"
  },
  {
    "options": [
      "True",
      "False"
    ],
    "question": "Comics superhero Aquaman was one of the founding members of The Justice League of America.",
    "answer": "True"
  },
  {
    "options": [
      "Sarah",
      "Piage",
      "Page",
      "Paige"
    ],
    "question": "In the comic strip FoxTrot, what is the name of the only girl in the Fox family?",
    "answer": "Paige"
  },
  {
    "options": [
      "Yes",
      "No"
    ],
    "question": "Does FoxTrot character Jason ever joke that it is 25 degrees out?",
    "answer": "No"
  },
  {
    "options": [
      "True",
      "False"
    ],
    "question": "In the comics FoxTrot, Roger Fox is writing a novel.",
    "answer": "True"
  },
  {
    "options": [
      "No",
      "Yes"
    ],
    "question": "Does Andy and Rogers daughter get notes in her locker in FoxTrot?",
    "answer": "Yes"
  },
  {
    "options": [
      "Ashley",
      "Sarah",
      "Abbey",
      "Denise"
    ],
    "question": "What is the name of Peters girlfriend in the comics FoxTrot?",
    "answer": "Denise"
  },
  {
    "options": [
      "jock",
      "A nerd",
      "A sports addict",
      "A TV addict"
    ],
    "question": "Which of the following best describes Andy and Roger’s youngest child in the comics FoxTrot?",
    "answer": "A nerd"
  },
  {
    "options": [
      "Yes",
      "No"
    ],
    "question": "Has FoxTrot character Jason developed a plan for a Star Trek-themed amusement park?",
    "answer": "No"
  },
  {
    "options": [
      "Poison Ivy",
      "The Penguin",
      "ManBat",
      "Killer Croc"
    ],
    "question": "What Batman villain formerly worked as a zoologist?",
    "answer": "ManBat"
  },
  {
    "options": [
      "Clayface",
      "Bane",
      "Killer Croc",
      "Ras Al Ghul"
    ],
    "question": "What super villain once broke Batmans back, leaving him crippled and wheelchair-bound?",
    "answer": "Bane"
  },
  {
    "options": [
      "1940",
      "1950",
      "1941",
      "1951"
    ],
    "question": "What year was the character of Robin first introduced?",
    "answer": "1940"
  },
  {
    "options": [
      "Joe Shuster",
      "Bob Kane",
      "Jack Kirby",
      "Jerry Siegel"
    ],
    "question": "Who is credited with creating Batman?",
    "answer": "Bob Kane"
  },
  {
    "options": [
      "Bat-Mite",
      "Bat-Dwarf",
      "Mr Mxyztplk",
      "Martian Manhunter"
    ],
    "question": "In Detective Comics #267, a magical Kobold from another dimension decides to help Batman fight crime--what was his name?",
    "answer": "Bat-Mite"
  },
  {
    "options": [
      "Lucky",
      "Champ",
      "Ace",
      "Burt"
    ],
    "question": "What was Bat-hounds name?",
    "answer": "Ace"
  },
  {
    "options": [
      "Thomas  Martha",
      "James  Elizabeth",
      "Wayne  Alice",
      "George  Elaine"
    ],
    "question": "What were the names of Bruce Waynes parents?",
    "answer": "Thomas  Martha"
  },
  {
    "options": [
      "Alfred",
      "Batwoman",
      "The Joker",
      "Commissioner Gordon"
    ],
    "question": "The original Batgirl was related to what familiar Batman character?",
    "answer": "Batwoman"
  },
  {
    "options": [
      "The Riddler",
      "Mr. Freeze",
      "The Penguin",
      "Catwoman"
    ],
    "question": "Which of these Bat-villains was introduced first?",
    "answer": "Catwoman"
  },
  {
    "options": [
      "Chatsworth",
      "Chapman",
      "Beagle",
      "Windham"
    ],
    "question": "What was Alfred the butlers original family name?",
    "answer": "Beagle"
  },
  {
    "options": [
      "1400",
      "1500",
      "1600",
      "1200"
    ],
    "question": "How many health points does the Mountian Giant unit have?",
    "answer": "1600"
  },
  {
    "options": [
      "Maiev Shadowsong",
      "Jeana Proudmoore",
      "Tyrande Whisperwind",
      "Naisha"
    ],
    "question": "What hero does the phrase Moonlight shines upon the guilty and the innocent alike belong to?",
    "answer": "Naisha"
  },
  {
    "options": [
      "Archimond",
      "Death Prince Arthas",
      "Tichondrius",
      "Varimathras"
    ],
    "question": "Who is the leader of the Burning Legion?",
    "answer": "Archimond"
  },
  {
    "options": [
      "MoonWell",
      "Well of Magic",
      "Well of Eternity",
      "Well of Power"
    ],
    "question": "What is the name of the well from which Night Elfs originally obtained their magical powers?",
    "answer": "Well of Eternity"
  },
  {
    "options": [
      "Muradin Bronzebeard",
      "Knight",
      "Mountian Giant",
      "Dwarf Rifleman"
    ],
    "question": "What hero or unit does the this phrase belong to?",
    "answer": "Muradin Bronzebeard"
  },
  {
    "options": [
      "Malfurion Stormrage",
      "Cenarius Stormage",
      "Prince Arthas",
      "Illidan Stormrage"
    ],
    "question": "Who is Tyrande Whisperwind in love with?",
    "answer": "Malfurion Stormrage"
  },
  {
    "options": [
      "Tichondrius",
      "Kiljaeden",
      "Sargeras",
      "Archimond"
    ],
    "question": "In Warcraft III:The Frozen Throne, Illidan Stormrage works for?",
    "answer": "Kiljaeden"
  },
  {
    "options": [
      "Berkely Brethed",
      "Simon Pimon",
      "Chris Claremont",
      "Charle Schultz"
    ],
    "question": "What is the name of the creator of Bloom County?",
    "answer": "Berkely Brethed"
  },
  {
    "options": [
      "Sandoval",
      "Opus",
      "Big Bertha",
      "Salmoneus"
    ],
    "question": "What was the name of the penguin in Bloom County?",
    "answer": "Opus"
  },
  {
    "options": [
      "True",
      "False"
    ],
    "question": "In Bloom County, Milo Bloom was a 10-year-old reporter for The Bloom Chronicle.",
    "answer": "False"
  },
  {
    "options": [
      "The Raiders",
      "Deathtongue",
      "Opus and the Orangeheads",
      "Billy and the Boingers"
    ],
    "question": "What was the name of the hard rock band formed by lawyer Steve Dallas in the Bloom County comic strip?",
    "answer": "Deathtongue"
  },
  {
    "options": [
      "Nola Spinuzzi",
      "Lola Granola",
      "Rona Amonia",
      "Ima Petunia"
    ],
    "question": "Who did Opus marry in the comic strip Bloom County?",
    "answer": "Lola Granola"
  },
  {
    "options": [
      "True",
      "False"
    ],
    "question": "Bloom County character Opus has appeared in two other comic strips titled Neverland and Opus.",
    "answer": "False"
  },
  {
    "options": [
      "Bobbie Simmons",
      "Bobbie Harlowe",
      "Bobbie Jo",
      "Bobbie Smith"
    ],
    "question": "What was the name of the feminist school teacher in Bloom County?",
    "answer": "Bobbie Harlowe"
  },
  {
    "options": [
      "True",
      "False"
    ],
    "question": "There was a TV Christmas special that centered on the famous comic strip character Opus.",
    "answer": "True"
  },
  {
    "options": [
      "Oral Bill",
      "Fundamentally mental Bill",
      "Bill Roberts",
      "Fundamentally Oral Bill"
    ],
    "question": "In the comic strip Bloom County, Bill the cat became a televangelist. What was his name?",
    "answer": "Fundamentally Oral Bill"
  },
  {
    "options": [
      "1969",
      "1957",
      "1963",
      "1972"
    ],
    "question": "What year did Andy Capp make his comic strip debut?",
    "answer": "1957"
  },
  {
    "options": [
      "Pigeon Racing",
      "Gambling",
      "Hunting",
      "Drinking"
    ],
    "question": "Which of these is NOT one of Andy Capps hobbies?",
    "answer": "Hunting"
  },
  {
    "options": [
      "True",
      "False"
    ],
    "question": "There was once a musical based on the Andy Capp comic strip.",
    "answer": "True"
  },
  {
    "options": [
      "The Smiths",
      "The Ritsons",
      "The Blacks",
      "The Whites"
    ],
    "question": "Who are Andy Capps best friends and neighbors?",
    "answer": "The Whites"
  },
  {
    "options": [
      "Britain",
      "Ireland",
      "America",
      "Canada"
    ],
    "question": "What country are the Andy Capp comic strips set in?",
    "answer": "Britain"
  },
  {
    "options": [
      "True",
      "False"
    ],
    "question": "Cartoon character Andy Capp has a son.",
    "answer": "True"
  },
  {
    "options": [
      "1959",
      "1963",
      "1960",
      "1971"
    ],
    "question": "In what year did the Andy Capp comic strips reach the U.S.?",
    "answer": "1963"
  },
  {
    "options": [
      "The Life of Jon Arbuckle",
      "Gnorm Gnat",
      "Farm Life",
      "Garfield"
    ],
    "question": "Which one of these comics was the first comic Jim Davis created?",
    "answer": "Gnorm Gnat"
  },
  {
    "options": [
      "1978",
      "2000",
      "1952",
      "1995"
    ],
    "question": "When did the comic strip Garfield come out?",
    "answer": "1978"
  },
  {
    "options": [
      "No",
      "Yes"
    ],
    "question": "Is it true that the comic strip Garfield inspired a CD titled Am I Cool or Not?",
    "answer": "No"
  },
  {
    "options": [
      "Nermal",
      "Arlene",
      "Liz",
      "Irma"
    ],
    "question": "Who is Garfields on and off girlfriend?",
    "answer": "Arlene"
  },
  {
    "options": [
      "Yes",
      "No"
    ],
    "question": "Is it true that Nermal, who makes unannounced visits into Garfields home, is a male kitten?",
    "answer": "Yes"
  },
  {
    "options": [
      "Odie",
      "Jon",
      "Fido",
      "Irma"
    ],
    "question": "Who is the fictional dog that gets pushed around by Garfield?",
    "answer": "Odie"
  },
  {
    "options": [
      "Dr. Liz Wilson",
      "Jon Arbuckle",
      "Clive",
      "Jim Davis"
    ],
    "question": "Who is the Garfields owner on the popular comic strip?",
    "answer": "Jon Arbuckle"
  },
  {
    "options": [
      "cook",
      "waitress",
      "vet",
      "She is unemployed."
    ],
    "question": "What is the profession of Irma, one of the supporting characters on the comic strip Garfield?",
    "answer": "waitress"
  },
  {
    "options": [
      "Liz Arbuckle",
      "Liz Wilson",
      "Liz Davis",
      "Julie Payne"
    ],
    "question": "What is the name of Garfields veterinarian on the self-titled comic strip?",
    "answer": "Liz Wilson"
  },
  {
    "options": [
      "Circus of Maxentius",
      "Circus Maximus",
      "Circus Neronis",
      "Circus Flaminius"
    ],
    "question": "This ancient circus, situated between the Palatine and Aventine hills, was both the first and the largest circus in Rome.",
    "answer": "Circus Maximus"
  },
  {
    "options": [
      "Paul Fratellini",
      "Antonio Franconi",
      "Pierrot Bidon",
      "Arthur Vercoe Pedlar"
    ],
    "question": "Who was the creator of the French circus, who is also thought to be one of the creators of modern circus?",
    "answer": "Antonio Franconi"
  },
  {
    "options": [
      "Pennsylvania",
      "California",
      "Illinois",
      "Oklahoma"
    ],
    "question": "In which state did the first circus building in the USA open in 1793?",
    "answer": "Pennsylvania"
  },
  {
    "options": [
      "all of these",
      "It consisted mainly of dangerous stunts.",
      "No animals were used.",
      "It used multimedia and laser shows."
    ],
    "question": "What was typical for the Cirque nouveau or the New Circus that developed in the 1970s in France, Australia, the USA.and the UK?",
    "answer": "No animals were used."
  },
  {
    "options": [
      "coiffeur",
      "contortionist",
      "chapeaugrapher",
      "ringmaster"
    ],
    "question": "What is the presenter of a traditional circus show called?",
    "answer": "ringmaster"
  },
  {
    "options": [
      "Cirque du Soleil",
      "Circus Smirkus",
      "Circus Amok",
      "Archaos"
    ],
    "question": "O and Ovo are among the shows performed by this circus group founded in 1984.",
    "answer": "Cirque du Soleil"
  },
  {
    "options": [
      "Monty Python",
      "Guy Laliberté",
      "Daniel Gauthier",
      "Jules Leotard"
    ],
    "question": "Name the Frenchman who invented the flying trapeze in 1859.",
    "answer": "Jules Leotard"
  },
  {
    "options": [
      "Shrine Circus",
      "Cirque dhiver",
      "The Bertram Mills Circus",
      "The Hagenbeck-Wallace Circus"
    ],
    "question": "Which traveling circus of the early 20th century, based in Peru, Indiana, was the inspiration for Cathy Days novel The Circus in Winter?",
    "answer": "The Hagenbeck-Wallace Circus"
  },
  {
    "options": [
      "Forepaugh",
      "Ashton",
      "Chipperfield",
      "Barnum"
    ],
    "question": "Which of these is the name of an old British circus dynasty that toured Europe and the Far East with their shows?",
    "answer": "Chipperfield"
  },
  {
    "options": [
      "Silvers Circus",
      "Albert  Friends Instant Circus",
      "The Bindlestiff Family Cirkus",
      "Chipperfields Circus"
    ],
    "question": "What circus was founded in 1995 by a duo named Fireplay?",
    "answer": "The Bindlestiff Family Cirkus"
  },
  {
    "options": [
      "Randy Orton",
      "HHH",
      "Umaga",
      "Mr. Kennedy"
    ],
    "question": "Who sidelined WWE wrestler John Cena for 4 months, because of a torn pectoral muscle?",
    "answer": "Randy Orton"
  },
  {
    "options": [
      "False",
      "True"
    ],
    "question": "The WWE wrestlers Jeff Hardy and Matt Hardy tag-team with each other a lot.",
    "answer": "False"
  },
  {
    "options": [
      "Stacy Keibler",
      "Trish Stratus",
      "Ashley",
      "Lita"
    ],
    "question": "This Diva was one of the best WWE Divas ever, but unfortunately, she retired in 2007.",
    "answer": "Lita"
  },
  {
    "options": [
      "True",
      "False"
    ],
    "question": "WWE wrestler Triple H is the brother of Stephanie McMahon.",
    "answer": "False"
  },
  {
    "options": [
      "Yes",
      "No"
    ],
    "question": "WWE DIVA Ashley was actually born in Los Angles, California.",
    "answer": "No"
  },
  {
    "options": [
      "John Cena",
      "John Morrison",
      "Edge",
      "Batista"
    ],
    "question": "Who did WWE wrestler Matt Hardy lose his love interest Lita to?",
    "answer": "Edge"
  },
  {
    "options": [
      "March 17 2008",
      "February 27, 2008",
      "March 24 2008",
      "March 31 2008"
    ],
    "question": "When did WWE wrestler Ric Flairs career end?",
    "answer": "March 31 2008"
  },
  {
    "options": [
      "False",
      "True"
    ],
    "question": "At Wrestlemania 24, it came down to Y2J, Chris Jericho and CM Punk in the Money In The Bank ladder match and CM Punk won.",
    "answer": "True"
  },
  {
    "options": [
      "False",
      "True"
    ],
    "question": "The Marvel character Anubis is also known as The Guardian of the Veil .",
    "answer": "True"
  },
  {
    "options": [
      "True",
      "False"
    ],
    "question": "In the Marvel comics universe, Horus is the God of fire.",
    "answer": "False"
  },
  {
    "options": [
      "True",
      "False"
    ],
    "question": "Marvel character Zeus ruled the underworld.",
    "answer": "False"
  },
  {
    "options": [
      "False",
      "True"
    ],
    "question": "Seth is the Egyptian god of evil and death in the Marvel Comics universe.",
    "answer": "True"
  },
  {
    "options": [
      "WAVA",
      "NPR",
      "WTOP",
      "WJFK"
    ],
    "question": "On what radio station do the Junkies broadcast?",
    "answer": "WJFK"
  },
  {
    "options": [
      "John Auville",
      "Eric Bickel",
      "JP Flaim",
      "Bruce The Hugger"
    ],
    "question": "Which of the following is NOT one of the four Junkies?",
    "answer": "Bruce The Hugger"
  },
  {
    "options": [
      "False",
      "True"
    ],
    "question": "Johnny Cakes Auville once stayed in a coffin in order to win a bet.",
    "answer": "True"
  },
  {
    "options": [
      "the devil inside",
      "escapade",
      "barracuda",
      "sturching"
    ],
    "question": "According to the Junkies, what is the practice of inebriated love making immediately followed by redistribution of wealth and treating your friends to breakfast called?",
    "answer": "sturching"
  },
  {
    "options": [
      "False",
      "True"
    ],
    "question": "If someone well-versed in Junkies Lingo says that someone or something is a show, it is a positive thing.",
    "answer": "False"
  },
  {
    "options": [
      "JP",
      "EB",
      "Lurch",
      "Cakes"
    ],
    "question": "Which Junkies ersatz nickname is The Latin Donkey?",
    "answer": "JP"
  },
  {
    "options": [
      "True",
      "False"
    ],
    "question": "On Fridays, Big Daddy Kev comes in for a segment on the morning Junkies show to talk about fantasy sports.",
    "answer": "False"
  },
  {
    "options": [
      "Revolution Six Flags Magic Mountain",
      "Storm Runner Hershey Park",
      "Matterhorn Bobsleds, Disneyland",
      "Corkscrew Knotts Berry Farm"
    ],
    "question": "What is the first tubular steel track roller coaster?",
    "answer": "Matterhorn Bobsleds, Disneyland"
  },
  {
    "options": [
      "Kings Dominion Doswell, Virginia, USA",
      "Canadas Wonderland Vaughan, Ontario, Canada",
      "Cedar Point Sandusky, Ohio, USA",
      "Six Flags Magic Mountain Valencia, California, USA"
    ],
    "question": "What is the first amusement park with four roller coasters that are taller than 200 feet (61 m)?",
    "answer": "Cedar Point Sandusky, Ohio, USA"
  },
  {
    "options": [
      "Corkscrew, Knotts Berry Farm, Buena Park, California.",
      "Centrifugal Railway, Frascati Garden, Paris",
      "Carolina Cyclone, Carowinds, North Carolina",
      "Revolution, Six Flags Magic Mountain, Valencia, California"
    ],
    "question": "What was the first looping roller coaster?",
    "answer": "Centrifugal Railway, Frascati Garden, Paris"
  },
  {
    "options": [
      "Cyclone, Revere Beach, Revere, Massachusetts, United States",
      "Drop-The-Dips, Coney Island",
      "Centrifugal Railway, Frascati Garden, Paris",
      "Gravity Pleasure, Coney Island, Brooklyn, New York"
    ],
    "question": "What was the first roller coaster to reach a height of 100 ft?",
    "answer": "Cyclone, Revere Beach, Revere, Massachusetts, United States"
  },
  {
    "options": [
      "True",
      "False"
    ],
    "question": "There has never been a wooden roller coaster with an inversion.",
    "answer": "False"
  },
  {
    "options": [
      "Shockwave, Six Flags Great America, Gurnee, Illinois, United  states",
      "Dragon Khan, Port Aventura, Salou, Spain",
      "Revolution, Six Flags Magic Mountain, Valencia, California",
      "Corkscrew, Knotts Berry Farm, Buena Park, California"
    ],
    "question": "What is the first modern roller coaster to have a vertical loop?",
    "answer": "Revolution, Six Flags Magic Mountain, Valencia, California"
  },
  {
    "options": [
      "IB Crow",
      "Beach Bird",
      "Indiana Jones",
      "Hoosier Hawk"
    ],
    "question": "Who is the mascot for Indiana Beach?",
    "answer": "IB Crow"
  },
  {
    "options": [
      "Cornball Express",
      "Tigrr",
      "Galaxy",
      "Steel Hawg"
    ],
    "question": "Which roller coaster was Indiana Beachs first?",
    "answer": "Galaxy"
  },
  {
    "options": [
      "True",
      "False"
    ],
    "question": "In addition to the sandy beach, Indiana Beach also has a large waterpark.",
    "answer": "True"
  },
  {
    "options": [
      "Cottages",
      "Time-shares",
      "Camping",
      "Motel"
    ],
    "question": "Which of the following is not a lodging option at Indiana Beach?",
    "answer": "Time-shares"
  },
  {
    "options": [
      "1996",
      "1929",
      "1955",
      "1926"
    ],
    "question": "What year did Indiana Beach open?",
    "answer": "1926"
  },
  {
    "options": [
      "Fine dining restaurant",
      "Mini golf course",
      "Antique auto",
      "River boat"
    ],
    "question": "What is the Shafer Queen?",
    "answer": "River boat"
  },
  {
    "options": [
      "beach in the middle of nowhere",
      "A beach in the middle of a corn field",
      "Come and walk on the boardwalk!",
      "Theres more than corn in Indiana."
    ],
    "question": "What is the Indiana Beach slogan?",
    "answer": "Theres more than corn in Indiana."
  },
  {
    "options": [
      "True",
      "False"
    ],
    "question": "Indiana Beach has a water and ski show.",
    "answer": "True"
  },
  {
    "options": [
      "a house of mirrors",
      "a petting zoo",
      "a haunted house",
      "a funhouse"
    ],
    "question": "What type of walk-through attraction at Indiana Beach was voted the worlds #1 in 2006?",
    "answer": "a haunted house"
  },
  {
    "options": [
      "Guido",
      "None of these, nobody knows his first name",
      "Joseph",
      "Johnathan"
    ],
    "question": "What is Judge Dredds first name?",
    "answer": "Joseph"
  },
  {
    "options": [
      "True",
      "False"
    ],
    "question": "Judge Dredd is 2000 ADs longest-running character, appearing from the first issue in 1977.",
    "answer": "False"
  },
  {
    "options": [
      "True",
      "False"
    ],
    "question": "Judge Dredds visual appearance was loosely based on the character of Frankenstein from the film Death Race 2000.",
    "answer": "True"
  },
  {
    "options": [
      "West coast USA",
      "East coast USA",
      "Australia",
      "The British Isles"
    ],
    "question": "The giant city, Mega City One, where Judge Dredd is a lawkeeper, is located in which area that we would recognise nowadays?",
    "answer": "East coast USA"
  },
  {
    "options": [
      "Thank Grudd its Friday!",
      "Shop smart, shop S-Mart!",
      "I am the law!",
      "Respect my authority!"
    ],
    "question": "What sentence does Judge Dredd frequently utter during his duties?",
    "answer": "I am the law!"
  },
  {
    "options": [
      "Nico",
      "Tubbs",
      "Rico",
      "Tibbs"
    ],
    "question": "What was the name of Judge Dredds clone-brother, who he turned in to the authorities when he began to break the law?",
    "answer": "Rico"
  },
  {
    "options": [
      "False",
      "True"
    ],
    "question": "Judge Dredd once lived in an apartment block named after a character from Rawhide.",
    "answer": "True"
  },
  {
    "options": [
      "Lobo from Omega Men comics",
      "Predators from Predator films",
      "Daleks from the TV series Dr Who",
      "Xenomorphs from the Alien films"
    ],
    "question": "Which of the following has Judge Dredd not battled against?",
    "answer": "Daleks from the TV series Dr Who"
  },
  {
    "options": [
      "Arnold Schwarzenegger",
      "Lou Ferrigno",
      "The Rock",
      "Sylvester Stallone"
    ],
    "question": "In the film Judge Dredd, who plays the title character?",
    "answer": "Sylvester Stallone"
  },
  {
    "options": [
      "The Joker",
      "Bane",
      "Two-Face",
      "Jack Napier"
    ],
    "question": "In The New Batman Adventures episode Over the Edge, who does Commissioner Gordon hire to help him kill Batman?",
    "answer": "Bane"
  },
  {
    "options": [
      "False",
      "True"
    ],
    "question": "Fictional character Batman has a son.",
    "answer": "True"
  },
  {
    "options": [
      "The Man Who Laughs",
      "Detective Comics #168",
      "Detective Comics #34",
      "Batman#1"
    ],
    "question": "What issue did the Joker originally appear in?",
    "answer": "Detective Comics #168"
  },
  {
    "options": [
      "He can hover about three inches off the ground.",
      "He can make a black dot appear on walls.",
      "He can mentally open Cold Ones.",
      "He can change the color of his mask at any time."
    ],
    "question": "In Homestar Runner, what power does the blue diamond on Strong Bads mask give him?",
    "answer": "He can mentally open Cold Ones."
  },
  {
    "options": [
      "universal make-out helper for hot girls",
      "2nd 2nd assistant space whale scrubber",
      "death-defying juggling trapeze artist",
      "supreme ultralord of the international gazebo"
    ],
    "question": "In the Internet cartoon Homestar Runner, Strong Bad works with Homestar and The Cheat at an unnamed tech company, but what is his dream job?",
    "answer": "2nd 2nd assistant space whale scrubber"
  },
  {
    "options": [
      "The Deleteheads",
      "The Trogdorians",
      "The Geddup Noise",
      "The Lucho Libres"
    ],
    "question": "What is the name of the fan club dedicated to Homestar Runner character Strong Bad?",
    "answer": "The Deleteheads"
  },
  {
    "options": [
      "Cheek",
      "Chekt",
      "Chort",
      "Chemp"
    ],
    "question": "In the e-mail secret recipes, Strong Bad claims he has a secret family recipe for cooking which of the following?",
    "answer": "Chekt"
  },
  {
    "options": [
      "Sterrance",
      "Da Huuuuuudge",
      "Deep Sea Fangly Fish",
      "La Mongo"
    ],
    "question": "In the e-mail animal, Homestar Runner character Strong Bad is asked to make-up an animal. What is NOT one of the animals that he creates?",
    "answer": "La Mongo"
  },
  {
    "options": [
      "False",
      "True"
    ],
    "question": "Cartoon character Strong Bad got this name because he can bench-press 125 pounds.",
    "answer": "False"
  },
  {
    "options": [
      "True",
      "False"
    ],
    "question": "In the Homestar Runner cartoon, Strong Bad and Strong Sad co-author the Teen Girl Squad comic.",
    "answer": "False"
  },
  {
    "options": [
      "Bandit: -What we have here is a failure to communicate.",
      "Cool Hand Luke",
      "For a Fistful of Dollars",
      "Metal Man",
      "Dirty Sanchez"
    ],
    "question": "Which movie is this Warcraft 3 quote from?",
    "answer": "Cool Hand Luke"
  },
  {
    "options": [
      "stuffed leopard",
      "A boy",
      "A stuffed tiger",
      "A beagle"
    ],
    "question": "In the cartoon series Calvin and Hobbes, what is Hobbes?",
    "answer": "A stuffed tiger"
  },
  {
    "options": [
      "Mammals",
      "Plants",
      "Space",
      "Dinosaurs"
    ],
    "question": "What is Calvins favorite subject according to the popular comics Calvin and Hobbes?",
    "answer": "Dinosaurs"
  },
  {
    "options": [
      "True",
      "False"
    ],
    "question": "In the Calvin and Hobbes comics, Hobbes is constantly sneaking up on Calvin and pouncing on him when he doesnt expect it.",
    "answer": "True"
  },
  {
    "options": [
      "Mr. America",
      "Sterling Golden",
      "The Super Destroyer",
      "The Bronze Bomb"
    ],
    "question": "Which of these has not been used as a ring name by Hulk Hogan?",
    "answer": "The Bronze Bomb"
  },
  {
    "options": [
      "Marvel Comics",
      "Hulk Hogan",
      "Vince McMahon",
      "Hiro Matsuda"
    ],
    "question": "Who bought the rights to the name Hulk Hogan in 2005?",
    "answer": "Hulk Hogan"
  },
  {
    "options": [
      "2003",
      "2000",
      "2005",
      "1999"
    ],
    "question": "In what year was Hulk Hogan inducted into the WWE Hall of Fame?",
    "answer": "2005"
  },
  {
    "options": [
      "True",
      "False"
    ],
    "question": "Hulk Hogans oldest daughter Cassidy refuses to be filmed on the familys reality show.",
    "answer": "False"
  },
  {
    "options": [
      "Jessica",
      "Ruth",
      "Brooke",
      "Linda"
    ],
    "question": "What is the name of Hulk Hogans wife, whom he married in 1983?",
    "answer": "Linda"
  },
  {
    "options": [
      "False",
      "True"
    ],
    "question": "Hulk Hogan has played in several rock bands.",
    "answer": "True"
  },
  {
    "options": [
      "1980",
      "1983",
      "1977",
      "1979"
    ],
    "question": "In what year did Hulk Hogan make his debut in the World Wrestling Federation?",
    "answer": "1979"
  },
  {
    "options": [
      "Christopher Lloyd",
      "John Ritter",
      "Sherman Hemsley",
      "Ed Begley Jr."
    ],
    "question": "Which of these actors has Hulk Hogan not co-starred with?",
    "answer": "John Ritter"
  },
  {
    "options": [
      "Rocky",
      "Rocky III",
      "Rocky IV",
      "Rocky II"
    ],
    "question": "In which of the Rocky movies did Hulk Hogan have a part?",
    "answer": "Rocky III"
  },
  {
    "options": [
      "Ive got muscles in places youve never even heard of.",
      "Grim Fandango",
      "Escape from Monkey Island",
      "Monkey Island 2: LeChucks Revenge",
      "Simon the Sorcerer 3D"
    ],
    "question": "Which video game is the following quote from?",
    "answer": "Escape from Monkey Island"
  },
  {
    "options": [
      "A: Come on, comrades! Up to the rooftop! Go!",
      "B: Get that flag up! Berlin is ours!",
      "Medal of Honor",
      "Hidden and Dangerous 2",
      "Battlefield 1942",
      "Call of Duty"
    ],
    "question": "Which video game are the following quotes from?",
    "answer": "Call of Duty"
  },
  {
    "options": [
      "_______________, if you know what I mean",
      "_______________, she taught me everything",
      "This lady she asked me, if I would be her man",
      "You know that I told her, Id do what I can",
      "To keep her looking pretty",
      "Buy her dresses that shine",
      "Dance queen",
      "Pretty woman",
      "Mississippi queen",
      "Gorgeous lady"
    ],
    "question": "Choose the missing words in the following lyrics to get the name of a song from Guitar Hero 3:",
    "answer": "Mississippi queen"
  },
  {
    "options": [
      "1931",
      "1921",
      "1935",
      "1928"
    ],
    "question": "Emmett Kelly, who initially was a trapeze artist, started working as a clown in what year?",
    "answer": "1931"
  },
  {
    "options": [
      "William Kelly",
      "Red Skelton",
      "Emmett Kelly Jr.",
      "Red Kelly"
    ],
    "question": "What was the name of Emmett Kellys son, who also played a character named Weary Willie?",
    "answer": "Emmett Kelly Jr."
  },
  {
    "options": [
      "False",
      "True"
    ],
    "question": "Circus performer Emmet Kelly is depicted in a famous photograph trying to put out the fire that occurred shortly after the San Francisco Earthquake in 1938.",
    "answer": "False"
  },
  {
    "options": [
      "False",
      "True"
    ],
    "question": "Emmett Kelly died of heart attack in 1979 at age of 80.",
    "answer": "True"
  },
  {
    "options": [
      "Los Angeles Dodgers",
      "Brooklyn Dodgers",
      "Kansas City Royals",
      "New York Mets"
    ],
    "question": "Emmett Kelly took a year off from the stage and circus to serve as mascot for which baseball team?",
    "answer": "Brooklyn Dodgers"
  },
  {
    "options": [
      "True",
      "False"
    ],
    "question": "In 1957, Cecil B. DeMilles hired Emmett Kelly to perform in I, Clowns.",
    "answer": "False"
  },
  {
    "options": [
      "False",
      "True"
    ],
    "question": "Circus performer Emmet Kelly started his trapeze act in 1923 with the John Robinson Circus.",
    "answer": "True"
  },
  {
    "options": [
      "Iowa",
      "Kansas",
      "Nevada",
      "Nebraska"
    ],
    "question": "Name Emmett Kellys birth state, which is also the location of the Emmett Kelly Museum.",
    "answer": "Kansas"
  },
  {
    "options": [
      "False",
      "True"
    ],
    "question": "Emmett Kellys character, Weary Willie, always made fans burst out in laughter.",
    "answer": "False"
  },
  {
    "options": [
      "50",
      "52",
      "40",
      "51"
    ],
    "question": "How many contestants are there in the Miss America competition each year?",
    "answer": "52"
  },
  {
    "options": [
      "2",
      "4",
      "1",
      "She is Miss America for the rest of her life."
    ],
    "question": "How many years does the winner of the Miss America Pageant hold the Miss America title?",
    "answer": "1"
  },
  {
    "options": [
      "Las Vegas, Nevada",
      "Miami, Florida",
      "St. Louis, Missouri",
      "Atlantic City, New Jersey"
    ],
    "question": "Where did the first Miss America pageant take place?",
    "answer": "Atlantic City, New Jersey"
  },
  {
    "options": [
      "Medical insurance for women in the United States",
      "Battered women shelters",
      "Job opportunities for women in the United States",
      "Scholarships for women in the United States"
    ],
    "question": "The Miss America Pageant is the number one provider of which of the following?",
    "answer": "Scholarships for women in the United States"
  },
  {
    "options": [
      "Cheer leading and speech",
      "Piano and tap dancing",
      "Acting and juggling",
      "Singing and dancing"
    ],
    "question": "During the talent portion of the Miss America competition the contestants perform on stage. What are the two most common talents that are exhibited?",
    "answer": "Singing and dancing"
  },
  {
    "options": [
      "75%",
      "99%",
      "87%",
      "14%"
    ],
    "question": "In 1996, a phone-in poll was held to ask the public if they should continue with the swimsuit portion of the Miss America Pageant. What percentage of voters wanted the swimsuit portion to continue?",
    "answer": "87%"
  },
  {
    "options": [
      "Phyllis McDonald",
      "Anne Washington",
      "Margaret Gorman",
      "Lee Meriwether"
    ],
    "question": "Who was the very first woman to win the Miss America competition?",
    "answer": "Margaret Gorman"
  },
  {
    "options": [
      "1980",
      "1952",
      "1926",
      "1955"
    ],
    "question": "What year was the Miss America competition televised for the very first time?",
    "answer": "1955"
  },
  {
    "options": [
      "Halle Berry",
      "Naomi Campbelle",
      "Tyra Banks",
      "Vanessa Williams"
    ],
    "question": "Who became the first African American woman to win the title of Miss America?",
    "answer": "Vanessa Williams"
  },
  {
    "options": [
      "It is not specified.",
      "3",
      "2",
      "1"
    ],
    "question": "How many times can a woman compete in the Miss America pageant?",
    "answer": "1"
  },
  {
    "options": [
      "strength ieternal",
      "Tessadar",
      "Artanis",
      "Fenix",
      "Zeratul"
    ],
    "question": "What hero do these words belong to: I fear no death, I fear no enemy, our",
    "answer": "Fenix"
  },
  {
    "options": [
      "Elzie C. Segar",
      "Edgar C.  Segar",
      "Max Flescher",
      "Chester Gould"
    ],
    "question": "Who created Popeye, Olive Oyl and Bluto?",
    "answer": "Elzie C. Segar"
  },
  {
    "options": [
      "False",
      "True"
    ],
    "question": "Olive Oyl was created before Popeye.",
    "answer": "True"
  },
  {
    "options": [
      "Dora Paskel",
      "Mae Questel",
      "Carol Lynnley",
      "Barbara London"
    ],
    "question": "Who was the woman who was the basis for the character Olive Oyl?",
    "answer": "Dora Paskel"
  },
  {
    "options": [
      "Carol Lynnley",
      "Dora Paskal",
      "Shelley Duvall",
      "Mae Questel"
    ],
    "question": "Who provided the voice for Olive Oyl in the cartoons?",
    "answer": "Mae Questel"
  },
  {
    "options": [
      "Olive Oyl for President",
      "Popyes Romance",
      "Olive and Popeye",
      "The Lovely Olive Oyl"
    ],
    "question": "Which of the following movies premiered in 1948?",
    "answer": "Olive Oyl for President"
  },
  {
    "options": [
      "Robin Williams and  Shelley Duvall",
      "Robin Williams and Carol Lynnely",
      "Robin Williams and  Lily Tomlin",
      "Ray Walston and  Lily Tomlin"
    ],
    "question": "In the  1980 movie Popeye, which pair portrayed Popeye and Olive?",
    "answer": "Robin Williams and  Shelley Duvall"
  },
  {
    "options": [
      "Popeyes ward",
      "Olive Oyls adopted son",
      "It is never revealed.",
      "Olive Oyls own baby"
    ],
    "question": "Who was Sweet Pea?",
    "answer": "It is never revealed."
  },
  {
    "options": [
      "Vega Oyl",
      "Kamon Oyl",
      "Sutra Oyl",
      "Diesel Oyl"
    ],
    "question": "Who was Olive Oyls niece?",
    "answer": "Diesel Oyl"
  },
  {
    "options": [
      "Metallica",
      "Aerosmith",
      "Guns n Roses",
      "Motley Crew"
    ],
    "question": "What rock group is featured in the Rock n Roller Coaster?",
    "answer": "Aerosmith"
  },
  {
    "options": [
      "False",
      "True"
    ],
    "question": "The Dark Knight is an indoor roller coaster.",
    "answer": "True"
  },
  {
    "options": [
      "Joe Simon  Jack Schuster",
      "Stan Lee  Jack Kirby",
      "Joe Simon  Jack Kirby",
      "Jack Kirby  Bob Kane"
    ],
    "question": "Who created Captain America?",
    "answer": "Joe Simon  Jack Kirby"
  },
  {
    "options": [
      "War Comics #1",
      "Tales of Suspense #58",
      "Captain America Comics #1",
      "Whiz Comics #2,"
    ],
    "question": "Captain America made his first appearance in what comic book?",
    "answer": "Captain America Comics #1"
  },
  {
    "options": [
      "Miss America",
      "Union Jack",
      "Bucky",
      "Flag Boy,"
    ],
    "question": "Who was Captain Americas sidekick during World War II?",
    "answer": "Bucky"
  },
  {
    "options": [
      "Nick Fury",
      "Peter Parker",
      "Steve Rogers",
      "Tony Stark"
    ],
    "question": "What is Captain Americas secret identity?",
    "answer": "Steve Rogers"
  },
  {
    "options": [
      "Wanderer",
      "Exile",
      "Nomad",
      "Outsider"
    ],
    "question": "For a brief period during the 1970s, disillusioned by U.S. politics, Captain America changed his name to ...",
    "answer": "Nomad"
  },
  {
    "options": [
      "Fantastic Four",
      "Defenders",
      "Avengers",
      "All-Star Squadron"
    ],
    "question": "What team of superheroes discovered Captain Americas body frozen in a block of ice in 1964?",
    "answer": "Avengers"
  },
  {
    "options": [
      "Viper",
      "Red Skull",
      "Baron Zemo",
      "Just Nazi soldiers"
    ],
    "question": "What villain did Captain America and Bucky fight in the very first issue of Captain America Comics?",
    "answer": "Red Skull"
  },
  {
    "options": [
      "Star-shaped",
      "Circular",
      "Badge-shaped",
      "Square"
    ],
    "question": "What was the original shape of Captain Americas shield?",
    "answer": "Badge-shaped"
  },
  {
    "options": [
      "Reb Brown",
      "Dick Purcell",
      "Matt Salinger",
      "Scott Paulin"
    ],
    "question": "Who played the title role in the 1979 TV movie Captain America?",
    "answer": "Reb Brown"
  },
  {
    "options": [
      "The Human Torch",
      "Spitfire",
      "Miss America",
      "Golden Girl"
    ],
    "question": "When Captain Americas original sidekick was wounded in combat, who replaced him?",
    "answer": "Golden Girl"
  }
]